id,fecha,partido,equipo_local,equipo_visitante,abridor_local,era_local,abridor_visitante,era_visitante,mercado,prediccion,probabilidad,cuota,valor_esperado,confianza,marcador_proyectado,resumen_apuesta,resultado,acierto,score_modelo,notas
20260728-NYY-CHW-ML,2026-07-28,Yankees vs White Sox,White Sox,Yankees,Noah Schultz,6.04,Max Fried,2.97,ML,Yankees ML,93,,,Alta,5-2,"Ventaja clara del abridor, bullpen superior y ofensiva más consistente.",,PENDIENTE,,
20260728-NYY-CHW-TT,2026-07-28,Yankees vs White Sox,White Sox,Yankees,Noah Schultz,6.04,Max Fried,2.97,Team Total,Yankees +2.5,91,,,Alta,5-2,Schultz permite tráfico en bases; se proyectan al menos 3 carreras.,,PENDIENTE,,
20260728-BRE-SFG-OV,2026-07-28,Brewers vs Giants,Giants,Brewers,Tyler Mahle,5.31,Brandon Sproat,5.09,Over,Over 8,70,,,Media-Alta,6-4,Ambos abridores con ERA alta y posible uso temprano del bullpen.,,PENDIENTE,,
20260728-BRE-SFG-ML,2026-07-28,Brewers vs Giants,Giants,Brewers,Tyler Mahle,5.31,Brandon Sproat,5.09,ML,Brewers ML,64,,,Media,6-4,Milwaukee llegaba en mejor momento colectivo.,,PENDIENTE,,
20260728-PHI-MIA-ML,2026-07-28,Phillies vs Marlins,Marlins,Phillies,Sandy Alcantara,,Aaron Nola,,ML,Phillies ML,76,,,Alta,4-3,Mayor profundidad ofensiva.,,PENDIENTE,,
20260728-PHI-MIA-TT,2026-07-28,Phillies vs Marlins,Marlins,Phillies,Sandy Alcantara,,Aaron Nola,,Team Total,Phillies +2.5,67,,,Media,4-3,Se esperaban al menos 3 carreras de Phillies.,,PENDIENTE,,
20260728-SD-COL-ML,2026-07-28,Padres vs Rockies,Padres,Rockies,Michael King,3.18,Michael Lorenzen,6.53,ML,Padres ML,78,,,Alta,5-2,Ventaja importante del abridor.,,PENDIENTE,,
20260728-SD-COL-TT,2026-07-28,Padres vs Rockies,Padres,Rockies,Michael King,3.18,Michael Lorenzen,6.53,Team Total,Padres +2.5,75,,,Alta,5-2,Lorenzen venía permitiendo muchas carreras.,,PENDIENTE,,
20260728-BOS-OAK-ML,2026-07-28,Red Sox vs Athletics,Athletics,Red Sox,Gage Jump,4.42,Jake Bennett,2.58,ML,Red Sox ML,73,,,Alta,5-2,Bennett mostraba mayor consistencia.,,PENDIENTE,,
